{
    "arabica": [
        {
            "foto": "images/produk/product_capuchino.jpg",
            "nama": "Cappuccino Arabica",
            "size": "500 Gram",
            "harga": "200.000",
            "link": "https://www.google.com/search?q=cappuccino+arabica&tbm=shop"
        },
        {
            "foto": "images/produk/product_espresso.jpg",
            "nama": "Pahit Arabica",
            "size": "100 Gram",
            "harga": "100.000",
            "link": "https://www.google.com/search?q=pahit+arabica&tbm=shop"
        },
        {
            "foto": "images/produk/product_latte.jpg",
            "nama": "Latte Arabica",
            "size": "150 Gram",
            "harga": "150.000",
            "link": "https://www.google.com/search?q=latte+arabica&tbm=shop"
        }
    ],
    "robusta": [
        {
            "foto": "images/produk/product_kopi_susu.jpg",
            "nama": "Kopsus Robusta",
            "size": "100 Gram",
            "harga": "500.000",
            "link": "https://www.google.com/search?q=kopi+susu+robusta&tbm=shop"
        },
        {
            "foto": "images/produk/product_latte.jpg",
            "nama": "Latte Robusta",
            "size": "150 Gram",
            "harga": "150.000",
            "link": "https://www.google.com/search?q=latte+robusta&tbm=shop"
        }
    ],
    "nonkopi": [
      {
        "foto": "https://encrypted-tbn0.gstatic.com/images?q=tbn:ANd9GcSd2Td5lzZBCCz8BvpaK0AfWlRjIN_HgdTc9g&usqp=CAU",
        "nama": "es campur",
        "size": "100 Gram",
        "harga": "500.000",
        "link": "https://www.google.com/search?q=kopi+susu+robusta&tbm=shop"
            },
      {
        "foto": "https://encrypted-tbn0.gstatic.com/images?q=tbn:ANd9GcSYmwz890jBVshoVlfA1bcRLuxEdemY90vNHQ&usqp=CAU",
        "nama": "es buah",
        "size": "150 Gram",
        "harga": "150.000",
        "link": "https://www.google.com/search?q=latte+robusta&tbm=shop"
            }
        ],
        "cemilan": [
          {
            "foto": "https://encrypted-tbn0.gstatic.com/images?q=tbn:ANd9GcTFEhjgA5_Vz08tg3P86rHf1DB6zgLLszmrrw&usqp=CAU",
            "nama": "gorengan",
            "size": "1 buah",
            "harga": "2.000",
            "link": "https://www.google.com/search?q=kopi+susu+robusta&tbm=shop"
                    },
          {
            "foto": "https://encrypted-tbn0.gstatic.com/images?q=tbn:ANd9GcQXl3iNeuCrd0PavfA1UtgIZ24m7J1dVwli4Q&usqp=CAU",
            "nama": "batagor",
            "size": "1 porsi",
            "harga": "20.000",
            "link": "https://www.google.com/search?q=latte+robusta&tbm=shop"
                    }
                ]
}